Country Name,Country Code,Indicator Name,Indicator Code,1960,1961,1962,1963,,,,,,,,,,,,,,,,,,,,,,,,,,,,,,,,,,,,,,,,,,,,,,,,,,,,,,,,,,,,,,
,,,,,,,,,,,,,,,,,,,,,,,,,,,,,,,,,,,,,,,,,,,,,,,,,,,,,,,,,,,,,,,,,,,,,
,,,,,,,,,,,,,,,,,,,,,,,,,,,,,,,,,,,,,,,,,,,,,,,,,,,,,,,,,,,,,,,,,,,,,
,,,,,,,,,,,,,,,,,,,,,,,,,,,,,,,,,,,,,,,,,,,,,,,,,,,,,,,,,,,,,,,,,,,,,
,,,,,,,,1964,1965,1966,1967,1968,1969,1970,1971,1972,1973,1974,1975,1976,1977,1978,1979,1980,1981,1982,1983,1984,1985,1986,1987,1988,1989,1990,1991,1992,1993,1994,1995,1996,1997,1998,1999,2000,2001,2002,2003,2004,2005,2006,2007,2008,2009,2010,2011,2012,2013,2014,2015,2016,2017,2018,2019,2020,2021,2022,2023,2024,
Aruba,ABW,Diabetes prevalence (% of population ages 20 to 79),SH.STA.DIAB.ZS,,,,,,,,,,,,,,,,,,,,,,,,,,,,,,,,,,,,,,,,,12.1,,,,,,,,,,,12.4,,,,,,,,,,,,,4.6,
Africa Eastern and Southern,AFE,Diabetes prevalence (% of population ages 20 to 79),SH.STA.DIAB.ZS,,,,,,,,,,,,,,,,,,,,,,,,,,,,,,,,,,,,,,,,,,,,,,,,,,,,4.58905122803024,,,,,,,,,,,,,6.45439161414553,
Afghanistan,AFG,Diabetes prevalence (% of population ages 20 to 79),SH.STA.DIAB.ZS,,,,,,,,,,,,,,,,,,,,,,,,,,,,,,,,,,,,,,,,,,,,,,,,,,,,7.6,,,,,,,,,,,,,11.7,
Africa Western and Central,AFW,Diabetes prevalence (% of population ages 20 to 79),SH.STA.DIAB.ZS,,,,,,,,,,,,,,,,,,,,,,,,,,,,,,,,,,,,,,,,,,,,,,,,,,,,4.41383159735954,,,,,,,,,,,,,4.2192773884166,
Angola,AGO,Diabetes prevalence (% of population ages 20 to 79),SH.STA.DIAB.ZS,,,,,,,,,,,,,,,,,,,,,,,,,,,,,,,,,,,,,,,,,,,,,,,,,,,,2.9,,,,,,,,,,,,,4.9,
Albania,ALB,Diabetes prevalence (% of population ages 20 to 79),SH.STA.DIAB.ZS,,,,,,,,,,,,,,,,,,,,,,,,,,,,,,,,,,,,,,,,,,,,,,,,,,,,2.8,,,,,,,,,,,,,10.6,
Andorra,AND,Diabetes prevalence (% of population ages 20 to 79),SH.STA.DIAB.ZS,,,,,,,,,,,,,,,,,,,,,,,,,,,,,,,,,,,,,,,,,,,,,,,,,,,,5.4,,,,,,,,,,,,,10.1,
Arab World,ARB,Diabetes prevalence (% of population ages 20 to 79),SH.STA.DIAB.ZS,,,,,,,,,,,,,,,,,,,,,,,,,,,,,,,,,,,,,,,,,,,,,,,,,,,,11.9445447415724,,,,,,,,,,,,,17.2979250633681,
United Arab Emirates,ARE,Diabetes prevalence (% of population ages 20 to 79),SH.STA.DIAB.ZS,,,,,,,,,,,,,,,,,,,,,,,,,,,,,,,,,,,,,,,,,,,,,,,,,,,,18.8,,,,,,,,,,,,,20.7,
Argentina,ARG,Diabetes prevalence (% of population ages 20 to 79),SH.STA.DIAB.ZS,,,,,,,,,,,,,,,,,,,,,,,,,,,,,,,,,,,,,,,,,,,,,,,,,,,,5.5,,,,,,,,,,,,,14,
Armenia,ARM,Diabetes prevalence (% of population ages 20 to 79),SH.STA.DIAB.ZS,,,,,,,,,,,,,,,,,,,,,,,,,,,,,,,,,,,,,,,,,,,,,,,,,,,,8.5,,,,,,,,,,,,,7.7,
American Samoa,ASM,Diabetes prevalence (% of population ages 20 to 79),SH.STA.DIAB.ZS,,,,,,,,,,,,,,,,,,,,,,,,,,,,,,,,,,,,,,,,,,,,,,,,,,,,,,,,,,,,,,,,,,
Antigua and Barbuda,ATG,Diabetes prevalence (% of population ages 20 to 79),SH.STA.DIAB.ZS,,,,,,,,,,,,,,,,,,,,,,,,,,,,,,,,,,,,,,,,,,,,,,,,,,,,12.5,,,,,,,,,,,,,11.6,
Australia,AUS,Diabetes prevalence (% of population ages 20 to 79),SH.STA.DIAB.ZS,,,,,,,,,,,,,,,,,,,,,,,,,,,,,,,,,,,,,,,,,0,,,,,,,,,,,6.6,,,,,,,,,,,,,7.4,
Austria,AUT,Diabetes prevalence (% of population ages 20 to 79),SH.STA.DIAB.ZS,,,,,,,,,,,,,,,,,,,,,,,,,,,,,,,,,,,,,,,,,,,,,,,,,,,,6.6,,,,,,,,,,,,,5.4,
Azerbaijan,AZE,Diabetes prevalence (% of population ages 20 to 79),SH.STA.DIAB.ZS,,,,,,,,,,,,,,,,,,,,,,,,,,,,,,,,,,,,,,,,,,,,,,,,,,,,2.8,,,,,,,,,,,,,10.2,
Burundi,BDI,Diabetes prevalence (% of population ages 20 to 79),SH.STA.DIAB.ZS,,,,,,,,,,,,,,,,,,,,,,,,,,,,,,,,,,,,,,,,,,,,,,,,,,,,2.7,,,,,,,,,,,,,4.3,
Belgium,BEL,Diabetes prevalence (% of population ages 20 to 79),SH.STA.DIAB.ZS,,,,,,,,,,,,,,,,,,,,,,,,,,,,,,,,,,,,,,,,,,,,,,,,,,,,4.8,,,,,,,,,,,,,5.9,
Benin,BEN,Diabetes prevalence (% of population ages 20 to 79),SH.STA.DIAB.ZS,,,,,,,,,,,,,,,,,,,,,,,,,,,,,,,,,,,,,,,,,,,,,,,,,,,,2,,,,,,,,,,,,,8.1,
Burkina Faso,BFA,Diabetes prevalence (% of population ages 20 to 79),SH.STA.DIAB.ZS,,,,,,,,,,,,,,,,,,,,,,,,,,,,,,,,,,,,,,,,,,,,,,,,,,,,3,,,,,,,,,,,,,4.5,
Bangladesh,BGD,Diabetes prevalence (% of population ages 20 to 79),SH.STA.DIAB.ZS,,,,,,,,,,,,,,,,,,,,,,,,,,,,,,,,,,,,,,,,,,,,,,,,,,,,10.5,,,,,,,,,,,,,13.2,
Bulgaria,BGR,Diabetes prevalence (% of population ages 20 to 79),SH.STA.DIAB.ZS,,,,,,,,,,,,,,,,,,,,,,,,,,,,,,,,,,,,,,,,,,,,,,,,,,,,6.7,,,,,,,,,,,,,7.4,
Bahrain,BHR,Diabetes prevalence (% of population ages 20 to 79),SH.STA.DIAB.ZS,,,,,,,,,,,,,,,,,,,,,,,,,,,,,,,,,,,,,,,,,14.8,,,,,,,,,,,19.5,,,,,,,,,,,,,22.1,
"Bahamas, The",BHS,Diabetes prevalence (% of population ages 20 to 79),SH.STA.DIAB.ZS,,,,,,,,,,,,,,,,,,,,,,,,,,,,,,,,,,,,,,,,,,,,,,,,,,,,12.1,,,,,,,,,,,,,8.9,
Bosnia and Herzegovina,BIH,Diabetes prevalence (% of population ages 20 to 79),SH.STA.DIAB.ZS,,,,,,,,,,,,,,,,,,,,,,,,,,,,,,,,,,,,,,,,,,,,,,,,,,,,7.5,,,,,,,,,,,,,10.3,
Belarus,BLR,Diabetes prevalence (% of population ages 20 to 79),SH.STA.DIAB.ZS,,,,,,,,,,,,,,,,,,,,,,,,,,,,,,,,,,,,,,,,,,,,,,,,,,,,8,,,,,,,,,,,,,5.1,
Belize,BLZ,Diabetes prevalence (% of population ages 20 to 79),SH.STA.DIAB.ZS,,,,,,,,,,,,,,,,,,,,,,,,,,,,,,,,,,,,,,,,,,,,,,,,,,,,17,,,,,,,,,,,,,14.1,
Bermuda,BMU,Diabetes prevalence (% of population ages 20 to 79),SH.STA.DIAB.ZS,,,,,,,,,,,,,,,,,,,,,,,,,,,,,,,,,,,,,,,,,12.1,,,,,,,,,,,12,,,,,,,,,,,,,13.4,
Bolivia,BOL,Diabetes prevalence (% of population ages 20 to 79),SH.STA.DIAB.ZS,,,,,,,,,,,,,,,,,,,,,,,,,,,,,,,,,,,,,,,,,,,,,,,,,,,,6.6,,,,,,,,,,,,,3.4,
Brazil,BRA,Diabetes prevalence (% of population ages 20 to 79),SH.STA.DIAB.ZS,,,,,,,,,,,,,,,,,,,,,,,,,,,,,,,,,,,,,,,,,,,,,,,,,,,,10.1,,,,,,,,,,,,,10.6,
Barbados,BRB,Diabetes prevalence (% of population ages 20 to 79),SH.STA.DIAB.ZS,,,,,,,,,,,,,,,,,,,,,,,,,,,,,,,,,,,,,,,,,13.2,,,,,,,,,,,12.4,,,,,,,,,,,,,13.2,
Brunei Darussalam,BRN,Diabetes prevalence (% of population ages 20 to 79),SH.STA.DIAB.ZS,,,,,,,,,,,,,,,,,,,,,,,,,,,,,,,,,,,,,,,,,,,,,,,,,,,,9.4,,,,,,,,,,,,,13.7,
Bhutan,BTN,Diabetes prevalence (% of population ages 20 to 79),SH.STA.DIAB.ZS,,,,,,,,,,,,,,,,,,,,,,,,,,,,,,,,,,,,,,,,,,,,,,,,,,,,5.7,,,,,,,,,,,,,12,
Botswana,BWA,Diabetes prevalence (% of population ages 20 to 79),SH.STA.DIAB.ZS,,,,,,,,,,,,,,,,,,,,,,,,,,,,,,,,,,,,,,,,,,,,,,,,,,,,10.8,,,,,,,,,,,,,4.6,
Central African Republic,CAF,Diabetes prevalence (% of population ages 20 to 79),SH.STA.DIAB.ZS,,,,,,,,,,,,,,,,,,,,,,,,,,,,,,,,,,,,,,,,,,,,,,,,,,,,3.2,,,,,,,,,,,,,7.6,
Canada,CAN,Diabetes prevalence (% of population ages 20 to 79),SH.STA.DIAB.ZS,,,,,,,,,,,,,,,,,,,,,,,,,,,,,,,,,,,,,,,,,,,,,,,,,,,,8.4,,,,,,,,,,,,,7.7,
Central Europe and the Baltics,CEB,Diabetes prevalence (% of population ages 20 to 79),SH.STA.DIAB.ZS,,,,,,,,,,,,,,,,,,,,,,,,,,,,,,,,,,,,,,,,,,,,,,,,,,,,7.48207256335255,,,,,,,,,,,,,7.87082497558525,
Switzerland,CHE,Diabetes prevalence (% of population ages 20 to 79),SH.STA.DIAB.ZS,,,,,,,,,,,,,,,,,,,,,,,,,,,,,,,,,,,,,,,,,,,,,,,,,,,,5.9,,,,,,,,,,,,,5.3,
Channel Islands,CHI,Diabetes prevalence (% of population ages 20 to 79),SH.STA.DIAB.ZS,,,,,,,,,,,,,,,,,,,,,,,,,,,,,,,,,,,,,,,,,,,,,,,,,,,,,,,,,,,,,,,,,,
Chile,CHL,Diabetes prevalence (% of population ages 20 to 79),SH.STA.DIAB.ZS,,,,,,,,,,,,,,,,,,,,,,,,,,,,,,,,,,,,,,,,,,,,,,,,,,,,9.5,,,,,,,,,,,,,12.2,
China,CHN,Diabetes prevalence (% of population ages 20 to 79),SH.STA.DIAB.ZS,,,,,,,,,,,,,,,,,,,,,,,,,,,,,,,,,,,,,,,,,,,,,,,,,,,,8.8,,,,,,,,,,,,,11.9,
Cote d'Ivoire,CIV,Diabetes prevalence (% of population ages 20 to 79),SH.STA.DIAB.ZS,,,,,,,,,,,,,,,,,,,,,,,,,,,,,,,,,,,,,,,,,,,,,,,,,,,,4.9,,,,,,,,,,,,,5,
Cameroon,CMR,Diabetes prevalence (% of population ages 20 to 79),SH.STA.DIAB.ZS,,,,,,,,,,,,,,,,,,,,,,,,,,,,,,,,,,,,,,,,,0,,,,,,,,,,,6.1,,,,,,,,,,,,,6.9,
"Congo, Dem. Rep.",COD,Diabetes prevalence (% of population ages 20 to 79),SH.STA.DIAB.ZS,,,,,,,,,,,,,,,,,,,,,,,,,,,,,,,,,,,,,,,,,,,,,,,,,,,,3.1,,,,,,,,,,,,,7.7,
"Congo, Rep.",COG,Diabetes prevalence (% of population ages 20 to 79),SH.STA.DIAB.ZS,,,,,,,,,,,,,,,,,,,,,,,,,,,,,,,,,,,,,,,,,,,,,,,,,,,,5.5,,,,,,,,,,,,,8.1,
Colombia,COL,Diabetes prevalence (% of population ages 20 to 79),SH.STA.DIAB.ZS,,,,,,,,,,,,,,,,,,,,,,,,,,,,,,,,,,,,,,,,,,,,,,,,,,,,9.8,,,,,,,,,,,,,8.4,
Comoros,COM,Diabetes prevalence (% of population ages 20 to 79),SH.STA.DIAB.ZS,,,,,,,,,,,,,,,,,,,,,,,,,,,,,,,,,,,,,,,,,,,,,,,,,,,,8.4,,,,,,,,,,,,,10.8,
Cabo Verde,CPV,Diabetes prevalence (% of population ages 20 to 79),SH.STA.DIAB.ZS,,,,,,,,,,,,,,,,,,,,,,,,,,,,,,,,,,,,,,,,,,,,,,,,,,,,5.4,,,,,,,,,,,,,6.8,
Costa Rica,CRI,Diabetes prevalence (% of population ages 20 to 79),SH.STA.DIAB.ZS,,,,,,,,,,,,,,,,,,,,,,,,,,,,,,,,,,,,,,,,,,,,,,,,,,,,9.6,,,,,,,,,,,,,9.8,
Caribbean small states,CSS,Diabetes prevalence (% of population ages 20 to 79),SH.STA.DIAB.ZS,,,,,,,,,,,,,,,,,,,,,,,,,,,,,,,,,,,,,,,,,,,,,,,,,,,,12.5856762564925,,,,,,,,,,,,,12.9741084825892,
Cuba,CUB,Diabetes prevalence (% of population ages 20 to 79),SH.STA.DIAB.ZS,,,,,,,,,,,,,,,,,,,,,,,,,,,,,,,,,,,,,,,,,,,,,,,,,,,,9.4,,,,,,,,,,,,,9.4,
Curacao,CUW,Diabetes prevalence (% of population ages 20 to 79),SH.STA.DIAB.ZS,,,,,,,,,,,,,,,,,,,,,,,,,,,,,,,,,,,,,,,,,,,,,,,,,,,,,,,,,,,,,,,,,13.4,
Cayman Islands,CYM,Diabetes prevalence (% of population ages 20 to 79),SH.STA.DIAB.ZS,,,,,,,,,,,,,,,,,,,,,,,,,,,,,,,,,,,,,,,,,12.1,,,,,,,,,,,12,,,,,,,,,,,,,11.1,
Cyprus,CYP,Diabetes prevalence (% of population ages 20 to 79),SH.STA.DIAB.ZS,,,,,,,,,,,,,,,,,,,,,,,,,,,,,,,,,,,,,,,,,,,,,,,,,,,,9.3,,,,,,,,,,,,,10,
Czechia,CZE,Diabetes prevalence (% of population ages 20 to 79),SH.STA.DIAB.ZS,,,,,,,,,,,,,,,,,,,,,,,,,,,,,,,,,,,,,,,,,11.7,,,,,,,,,,,5.3,,,,,,,,,,,,,7.6,
Germany,DEU,Diabetes prevalence (% of population ages 20 to 79),SH.STA.DIAB.ZS,,,,,,,,,,,,,,,,,,,,,,,,,,,,,,,,,,,,,,,,,,,,,,,,,,,,5.3,,,,,,,,,,,,,7.8,
Djibouti,DJI,Diabetes prevalence (% of population ages 20 to 79),SH.STA.DIAB.ZS,,,,,,,,,,,,,,,,,,,,,,,,,,,,,,,,,,,,,,,,,,,,,,,,,,,,6.3,,,,,,,,,,,,,6.5,
Dominica,DMA,Diabetes prevalence (% of population ages 20 to 79),SH.STA.DIAB.ZS,,,,,,,,,,,,,,,,,,,,,,,,,,,,,,,,,,,,,,,,,,,,,,,,,,,,8.9,,,,,,,,,,,,,12.9,
Denmark,DNK,Diabetes prevalence (% of population ages 20 to 79),SH.STA.DIAB.ZS,,,,,,,,,,,,,,,,,,,,,,,,,,,,,,,,,,,,,,,,,,,,,,,,,,,,5.6,,,,,,,,,,,,,6.4,
Dominican Republic,DOM,Diabetes prevalence (% of population ages 20 to 79),SH.STA.DIAB.ZS,,,,,,,,,,,,,,,,,,,,,,,,,,,,,,,,,,,,,,,,,,,,,,,,,,,,8.1,,,,,,,,,,,,,17.6,
Algeria,DZA,Diabetes prevalence (% of population ages 20 to 79),SH.STA.DIAB.ZS,,,,,,,,,,,,,,,,,,,,,,,,,,,,,,,,,,,,,,,,,,,,,,,,,,,,7,,,,,,,,,,,,,17.5,
East Asia & Pacific (excluding high income),EAP,Diabetes prevalence (% of population ages 20 to 79),SH.STA.DIAB.ZS,,,,,,,,,,,,,,,,,,,,,,,,,,,,,,,,,,,,,,,,,,,,,,,,,,,,8.07097570862458,,,,,,,,,,,,,11.1353659963515,
Early-demographic dividend,EAR,Diabetes prevalence (% of population ages 20 to 79),SH.STA.DIAB.ZS,,,,,,,,,,,,,,,,,,,,,,,,,,,,,,,,,,,,,,,,,,,,,,,,,,,,8.80140777050446,,,,,,,,,,,,,12.3020275660919,
East Asia & Pacific,EAS,Diabetes prevalence (% of population ages 20 to 79),SH.STA.DIAB.ZS,,,,,,,,,,,,,,,,,,,,,,,,,,,,,,,,,,,,,,,,,,,,,,,,,,,,8.02490678606455,,,,,,,,,,,,,10.8650893145714,
Europe & Central Asia (excluding high income),ECA,Diabetes prevalence (% of population ages 20 to 79),SH.STA.DIAB.ZS,,,,,,,,,,,,,,,,,,,,,,,,,,,,,,,,,,,,,,,,,,,,,,,,,,,,5.96867339247017,,,,,,,,,,,,,10.5221097310295,
Europe & Central Asia,ECS,Diabetes prevalence (% of population ages 20 to 79),SH.STA.DIAB.ZS,,,,,,,,,,,,,,,,,,,,,,,,,,,,,,,,,,,,,,,,,,,,,,,,,,,,6.54443202236628,,,,,,,,,,,,,7.99626870584229,
Ecuador,ECU,Diabetes prevalence (% of population ages 20 to 79),SH.STA.DIAB.ZS,,,,,,,,,,,,,,,,,,,,,,,,,,,,,,,,,,,,,,,,,,,,,,,,,,,,6.6,,,,,,,,,,,,,4.9,
"Egypt, Arab Rep.",EGY,Diabetes prevalence (% of population ages 20 to 79),SH.STA.DIAB.ZS,,,,,,,,,,,,,,,,,,,,,,,,,,,,,,,,,,,,,,,,,,,,,,,,,,,,16.6,,,,,,,,,,,,,22.4,
Euro area,EMU,Diabetes prevalence (% of population ages 20 to 79),SH.STA.DIAB.ZS,,,,,,,,,,,,,,,,,,,,,,,,,,,,,,,,,,,,,,,,,,,,,,,,,,,,5.64772111823024,,,,,,,,,,,,,7.56342209149437,
Eritrea,ERI,Diabetes prevalence (% of population ages 20 to 79),SH.STA.DIAB.ZS,,,,,,,,,,,,,,,,,,,,,,,,,,,,,,,,,,,,,,,,,,,,,,,,,,,,3.6,,,,,,,,,,,,,4.4,
Spain,ESP,Diabetes prevalence (% of population ages 20 to 79),SH.STA.DIAB.ZS,,,,,,,,,,,,,,,,,,,,,,,,,,,,,,,,,,,,,,,,,,,,,,,,,,,,6.3,,,,,,,,,,,,,9.7,
Estonia,EST,Diabetes prevalence (% of population ages 20 to 79),SH.STA.DIAB.ZS,,,,,,,,,,,,,,,,,,,,,,,,,,,,,,,,,,,,,,,,,,,,,,,,,,,,7,,,,,,,,,,,,,6.9,
Ethiopia,ETH,Diabetes prevalence (% of population ages 20 to 79),SH.STA.DIAB.ZS,,,,,,,,,,,,,,,,,,,,,,,,,,,,,,,,,,,,,,,,,,,,,,,,,,,,3.4,,,,,,,,,,,,,4.4,
European Union,EUU,Diabetes prevalence (% of population ages 20 to 79),SH.STA.DIAB.ZS,,,,,,,,,,,,,,,,,,,,,,,,,,,,,,,,,,,,,,,,,,,,,,,,,,,,6.01744173074927,,,,,,,,,,,,,7.56295736354048,
Fragile and conflict affected situations,FCS,Diabetes prevalence (% of population ages 20 to 79),SH.STA.DIAB.ZS,,,,,,,,,,,,,,,,,,,,,,,,,,,,,,,,,,,,,,,,,,,,,,,,,,,,5.70990148329813,,,,,,,,,,,,,6.97601622139546,
Finland,FIN,Diabetes prevalence (% of population ages 20 to 79),SH.STA.DIAB.ZS,,,,,,,,,,,,,,,,,,,,,,,,,,,,,,,,,,,,,,,,,,,,,,,,,,,,5.8,,,,,,,,,,,,,6.9,
Fiji,FJI,Diabetes prevalence (% of population ages 20 to 79),SH.STA.DIAB.ZS,,,,,,,,,,,,,,,,,,,,,,,,,,,,,,,,,,,,,,,,,,,,,,,,,,,,10.9,,,,,,,,,,,,,16.6,
France,FRA,Diabetes prevalence (% of population ages 20 to 79),SH.STA.DIAB.ZS,,,,,,,,,,,,,,,,,,,,,,,,,,,,,,,,,,,,,,,,,,,,,,,,,,,,5.4,,,,,,,,,,,,,6.5,
Faroe Islands,FRO,Diabetes prevalence (% of population ages 20 to 79),SH.STA.DIAB.ZS,,,,,,,,,,,,,,,,,,,,,,,,,,,,,,,,,,,,,,,,,,,,,,,,,,,,,,,,,,,,,,,,,5.3,
"Micronesia, Fed. Sts.",FSM,Diabetes prevalence (% of population ages 20 to 79),SH.STA.DIAB.ZS,,,,,,,,,,,,,,,,,,,,,,,,,,,,,,,,,,,,,,,,,,,,,,,,,,,,15.7,,,,,,,,,,,,,19.2,
Gabon,GAB,Diabetes prevalence (% of population ages 20 to 79),SH.STA.DIAB.ZS,,,,,,,,,,,,,,,,,,,,,,,,,,,,,,,,,,,,,,,,,,,,,,,,,,,,10.3,,,,,,,,,,,,,8.5,
United Kingdom,GBR,Diabetes prevalence (% of population ages 20 to 79),SH.STA.DIAB.ZS,,,,,,,,,,,,,,,,,,,,,,,,,,,,,,,,,,,,,,,,,,,,,,,,,,,,5.2,,,,,,,,,,,,,7.4,
Georgia,GEO,Diabetes prevalence (% of population ages 20 to 79),SH.STA.DIAB.ZS,,,,,,,,,,,,,,,,,,,,,,,,,,,,,,,,,,,,,,,,,,,,,,,,,,,,2.8,,,,,,,,,,,,,6.7,
Ghana,GHA,Diabetes prevalence (% of population ages 20 to 79),SH.STA.DIAB.ZS,,,,,,,,,,,,,,,,,,,,,,,,,,,,,,,,,,,,,,,,,,,,,,,,,,,,5,,,,,,,,,,,,,2.7,
Gibraltar,GIB,Diabetes prevalence (% of population ages 20 to 79),SH.STA.DIAB.ZS,,,,,,,,,,,,,,,,,,,,,,,,,,,,,,,,,,,,,,,,,,,,,,,,,,,,,,,,,,,,,,,,,,
Guinea,GIN,Diabetes prevalence (% of population ages 20 to 79),SH.STA.DIAB.ZS,,,,,,,,,,,,,,,,,,,,,,,,,,,,,,,,,,,,,,,,,,,,,,,,,,,,4.4,,,,,,,,,,,,,4.6,
"Gambia, The",GMB,Diabetes prevalence (% of population ages 20 to 79),SH.STA.DIAB.ZS,,,,,,,,,,,,,,,,,,,,,,,,,,,,,,,,,,,,,,,,,,,,,,,,,,,,2,,,,,,,,,,,,,5.5,
Guinea-Bissau,GNB,Diabetes prevalence (% of population ages 20 to 79),SH.STA.DIAB.ZS,,,,,,,,,,,,,,,,,,,,,,,,,,,,,,,,,,,,,,,,,,,,,,,,,,,,3,,,,,,,,,,,,,4.8,
Equatorial Guinea,GNQ,Diabetes prevalence (% of population ages 20 to 79),SH.STA.DIAB.ZS,,,,,,,,,,,,,,,,,,,,,,,,,,,,,,,,,,,,,,,,,,,,,,,,,,,,4.2,,,,,,,,,,,,,8.2,
Greece,GRC,Diabetes prevalence (% of population ages 20 to 79),SH.STA.DIAB.ZS,,,,,,,,,,,,,,,,,,,,,,,,,,,,,,,,,,,,,,,,,,,,,,,,,,,,5.1,,,,,,,,,,,,,8,
Grenada,GRD,Diabetes prevalence (% of population ages 20 to 79),SH.STA.DIAB.ZS,,,,,,,,,,,,,,,,,,,,,,,,,,,,,,,,,,,,,,,,,12.1,,,,,,,,,,,8.6,,,,,,,,,,,,,11.3,
Greenland,GRL,Diabetes prevalence (% of population ages 20 to 79),SH.STA.DIAB.ZS,,,,,,,,,,,,,,,,,,,,,,,,,,,,,,,,,,,,,,,,,,,,,,,,,,,,,,,,,,,,,,,,,4.3,
Guatemala,GTM,Diabetes prevalence (% of population ages 20 to 79),SH.STA.DIAB.ZS,,,,,,,,,,,,,,,,,,,,,,,,,,,,,,,,,,,,,,,,,,,,,,,,,,,,9.3,,,,,,,,,,,,,13.2,
Guam,GUM,Diabetes prevalence (% of population ages 20 to 79),SH.STA.DIAB.ZS,,,,,,,,,,,,,,,,,,,,,,,,,,,,,,,,,,,,,,,,,,,,,,,,,,,,8.6,,,,,,,,,,,,,20.3,
Guyana,GUY,Diabetes prevalence (% of population ages 20 to 79),SH.STA.DIAB.ZS,,,,,,,,,,,,,,,,,,,,,,,,,,,,,,,,,,,,,,,,,,,,,,,,,,,,16.7,,,,,,,,,,,,,16.4,
High income,HIC,Diabetes prevalence (% of population ages 20 to 79),SH.STA.DIAB.ZS,,,,,,,,,,,,,,,,,,,,,,,,,,,,,,,,,,,,,,,,,,,,,,,,,,,,7.97810346491069,,,,,,,,,,,,,9.72878791013863,
"Hong Kong SAR, China",HKG,Diabetes prevalence (% of population ages 20 to 79),SH.STA.DIAB.ZS,,,,,,,,,,,,,,,,,,,,,,,,,,,,,,,,,,,,,,,,,12.1,,,,,,,,,,,7.6,,,,,,,,,,,,,8.2,
Honduras,HND,Diabetes prevalence (% of population ages 20 to 79),SH.STA.DIAB.ZS,,,,,,,,,,,,,,,,,,,,,,,,,,,,,,,,,,,,,,,,,,,,,,,,,,,,6.7,,,,,,,,,,,,,5,
Heavily indebted poor countries (HIPC),HPC,Diabetes prevalence (% of population ages 20 to 79),SH.STA.DIAB.ZS,,,,,,,,,,,,,,,,,,,,,,,,,,,,,,,,,,,,,,,,,,,,,,,,,,,,4.34085165004219,,,,,,,,,,,,,6.60860707458512,
Croatia,HRV,Diabetes prevalence (% of population ages 20 to 79),SH.STA.DIAB.ZS,,,,,,,,,,,,,,,,,,,,,,,,,,,,,,,,,,,,,,,,,,,,,,,,,,,,5.2,,,,,,,,,,,,,10.5,
Haiti,HTI,Diabetes prevalence (% of population ages 20 to 79),SH.STA.DIAB.ZS,,,,,,,,,,,,,,,,,,,,,,,,,,,,,,,,,,,,,,,,,,,,,,,,,,,,6.6,,,,,,,,,,,,,8.5,
Hungary,HUN,Diabetes prevalence (% of population ages 20 to 79),SH.STA.DIAB.ZS,,,,,,,,,,,,,,,,,,,,,,,,,,,,,,,,,,,,,,,,,,,,,,,,,,,,6,,,,,,,,,,,,,8.3,
IBRD only,IBD,Diabetes prevalence (% of population ages 20 to 79),SH.STA.DIAB.ZS,,,,,,,,,,,,,,,,,,,,,,,,,,,,,,,,,,,,,,,,,,,,,,,,,,,,8.77358205507259,,,,,,,,,,,,,11.0830145742952,
IDA & IBRD total,IBT,Diabetes prevalence (% of population ages 20 to 79),SH.STA.DIAB.ZS,,,,,,,,,,,,,,,,,,,,,,,,,,,,,,,,,,,,,,,,,,,,,,,,,,,,8.23069477971373,,,,,,,,,,,,,10.9096361116688,
IDA total,IDA,Diabetes prevalence (% of population ages 20 to 79),SH.STA.DIAB.ZS,,,,,,,,,,,,,,,,,,,,,,,,,,,,,,,,,,,,,,,,,,,,,,,,,,,,6.12038317179501,,,,,,,,,,,,,10.3508885048885,
IDA blend,IDB,Diabetes prevalence (% of population ages 20 to 79),SH.STA.DIAB.ZS,,,,,,,,,,,,,,,,,,,,,,,,,,,,,,,,,,,,,,,,,,,,,,,,,,,,6.44517702169862,,,,,,,,,,,,,14.6088008639666,
Indonesia,IDN,Diabetes prevalence (% of population ages 20 to 79),SH.STA.DIAB.ZS,,,,,,,,,,,,,,,,,,,,,,,,,,,,,,,,,,,,,,,,,,,,,,,,,,,,5.1,,,,,,,,,,,,,11.3,
IDA only,IDX,Diabetes prevalence (% of population ages 20 to 79),SH.STA.DIAB.ZS,,,,,,,,,,,,,,,,,,,,,,,,,,,,,,,,,,,,,,,,,,,,,,,,,,,,5.94123956026699,,,,,,,,,,,,,8.10254690523507,
Isle of Man,IMN,Diabetes prevalence (% of population ages 20 to 79),SH.STA.DIAB.ZS,,,,,,,,,,,,,,,,,,,,,,,,,,,,,,,,,,,,,,,,,,,,,,,,,,,,,,,,,,,,,,,,,7.5,
India,IND,Diabetes prevalence (% of population ages 20 to 79),SH.STA.DIAB.ZS,,,,,,,,,,,,,,,,,,,,,,,,,,,,,,,,,,,,,,,,,,,,,,,,,,,,9,,,,,,,,,,,,,10.5,
Not classified,INX,Diabetes prevalence (% of population ages 20 to 79),SH.STA.DIAB.ZS,,,,,,,,,,,,,,,,,,,,,,,,,,,,,,,,,,,,,,,,,,,,,,,,,,,,,,,,,,,,,,,,,,
Ireland,IRL,Diabetes prevalence (% of population ages 20 to 79),SH.STA.DIAB.ZS,,,,,,,,,,,,,,,,,,,,,,,,,,,,,,,,,,,,,,,,,,,,,,,,,,,,5.2,,,,,,,,,,,,,3.6,
"Iran, Islamic Rep.",IRN,Diabetes prevalence (% of population ages 20 to 79),SH.STA.DIAB.ZS,,,,,,,,,,,,,,,,,,,,,,,,,,,,,,,,,,,,,,,,,,,,,,,,,,,,11.1,,,,,,,,,,,,,9,
Iraq,IRQ,Diabetes prevalence (% of population ages 20 to 79),SH.STA.DIAB.ZS,,,,,,,,,,,,,,,,,,,,,,,,,,,,,,,,,,,,,,,,,,,,,,,,,,,,9.1,,,,,,,,,,,,,13.4,
Iceland,ISL,Diabetes prevalence (% of population ages 20 to 79),SH.STA.DIAB.ZS,,,,,,,,,,,,,,,,,,,,,,,,,,,,,,,,,,,,,,,,,,,,,,,,,,,,3.2,,,,,,,,,,,,,6.9,
Israel,ISR,Diabetes prevalence (% of population ages 20 to 79),SH.STA.DIAB.ZS,,,,,,,,,,,,,,,,,,,,,,,,,,,,,,,,,,,,,,,,,,,,,,,,,,,,7.4,,,,,,,,,,,,,10.1,
Italy,ITA,Diabetes prevalence (% of population ages 20 to 79),SH.STA.DIAB.ZS,,,,,,,,,,,,,,,,,,,,,,,,,,,,,,,,,,,,,,,,,,,,,,,,,,,,5.1,,,,,,,,,,,,,7.7,
Jamaica,JAM,Diabetes prevalence (% of population ages 20 to 79),SH.STA.DIAB.ZS,,,,,,,,,,,,,,,,,,,,,,,,,,,,,,,,,,,,,,,,,,,,,,,,,,,,15.7,,,,,,,,,,,,,12.5,
Jordan,JOR,Diabetes prevalence (% of population ages 20 to 79),SH.STA.DIAB.ZS,,,,,,,,,,,,,,,,,,,,,,,,,,,,,,,,,,,,,,,,,,,,,,,,,,,,12.1,,,,,,,,,,,,,20.5,
Japan,JPN,Diabetes prevalence (% of population ages 20 to 79),SH.STA.DIAB.ZS,,,,,,,,,,,,,,,,,,,,,,,,,,,,,,,,,,,,,,,,,,,,,,,,,,,,7.7,,,,,,,,,,,,,8.1,
Kazakhstan,KAZ,Diabetes prevalence (% of population ages 20 to 79),SH.STA.DIAB.ZS,,,,,,,,,,,,,,,,,,,,,,,,,,,,,,,,,,,,,,,,,,,,,,,,,,,,7.7,,,,,,,,,,,,,6.8,
Kenya,KEN,Diabetes prevalence (% of population ages 20 to 79),SH.STA.DIAB.ZS,,,,,,,,,,,,,,,,,,,,,,,,,,,,,,,,,,,,,,,,,,,,,,,,,,,,5.1,,,,,,,,,,,,,3.1,
Kyrgyz Republic,KGZ,Diabetes prevalence (% of population ages 20 to 79),SH.STA.DIAB.ZS,,,,,,,,,,,,,,,,,,,,,,,,,,,,,,,,,,,,,,,,,,,,,,,,,,,,6.3,,,,,,,,,,,,,7.6,
Cambodia,KHM,Diabetes prevalence (% of population ages 20 to 79),SH.STA.DIAB.ZS,,,,,,,,,,,,,,,,,,,,,,,,,,,,,,,,,,,,,,,,,,,,,,,,,,,,2.9,,,,,,,,,,,,,7.5,
Kiribati,KIR,Diabetes prevalence (% of population ages 20 to 79),SH.STA.DIAB.ZS,,,,,,,,,,,,,,,,,,,,,,,,,,,,,,,,,,,,,,,,,,,,,,,,,,,,25.3,,,,,,,,,,,,,24.6,
St. Kitts and Nevis,KNA,Diabetes prevalence (% of population ages 20 to 79),SH.STA.DIAB.ZS,,,,,,,,,,,,,,,,,,,,,,,,,,,,,,,,,,,,,,,,,12.1,,,,,,,,,,,8.5,,,,,,,,,,,,,13.8,
"Korea, Rep.",KOR,Diabetes prevalence (% of population ages 20 to 79),SH.STA.DIAB.ZS,,,,,,,,,,,,,,,,,,,,,,,,,,,,,,,,,,,,,,,,,,,,,,,,,,,,7.5,,,,,,,,,,,,,9.6,
Kuwait,KWT,Diabetes prevalence (% of population ages 20 to 79),SH.STA.DIAB.ZS,,,,,,,,,,,,,,,,,,,,,,,,,,,,,,,,,,,,,,,,,,,,,,,,,,,,20.7,,,,,,,,,,,,,25.6,
Latin America & Caribbean (excluding high income),LAC,Diabetes prevalence (% of population ages 20 to 79),SH.STA.DIAB.ZS,,,,,,,,,,,,,,,,,,,,,,,,,,,,,,,,,,,,,,,,,,,,,,,,,,,,10.304490875094,,,,,,,,,,,,,11.4342281689354,
Lao PDR,LAO,Diabetes prevalence (% of population ages 20 to 79),SH.STA.DIAB.ZS,,,,,,,,,,,,,,,,,,,,,,,,,,,,,,,,,,,,,,,,,,,,,,,,,,,,3.3,,,,,,,,,,,,,6.7,
Lebanon,LBN,Diabetes prevalence (% of population ages 20 to 79),SH.STA.DIAB.ZS,,,,,,,,,,,,,,,,,,,,,,,,,,,,,,,,,,,,,,,,,,,,,,,,,,,,19.6,,,,,,,,,,,,,12.3,
Liberia,LBR,Diabetes prevalence (% of population ages 20 to 79),SH.STA.DIAB.ZS,,,,,,,,,,,,,,,,,,,,,,,,,,,,,,,,,,,,,,,,,,,,,,,,,,,,3.3,,,,,,,,,,,,,9.2,
Libya,LBY,Diabetes prevalence (% of population ages 20 to 79),SH.STA.DIAB.ZS,,,,,,,,,,,,,,,,,,,,,,,,,,,,,,,,,,,,,,,,,,,,,,,,,,,,13.8,,,,,,,,,,,,,15.8,
St. Lucia,LCA,Diabetes prevalence (% of population ages 20 to 79),SH.STA.DIAB.ZS,,,,,,,,,,,,,,,,,,,,,,,,,,,,,,,,,,,,,,,,,,,,,,,,,,,,8.4,,,,,,,,,,,,,11.4,
Latin America & Caribbean,LCN,Diabetes prevalence (% of population ages 20 to 79),SH.STA.DIAB.ZS,,,,,,,,,,,,,,,,,,,,,,,,,,,,,,,,,,,,,,,,,,,,,,,,,,,,10.2707067382556,,,,,,,,,,,,,11.3098974083891,
Least developed countries: UN classification,LDC,Diabetes prevalence (% of population ages 20 to 79),SH.STA.DIAB.ZS,,,,,,,,,,,,,,,,,,,,,,,,,,,,,,,,,,,,,,,,,,,,,,,,,,,,5.65770105615707,,,,,,,,,,,,,7.85292122819199,
Low income,LIC,Diabetes prevalence (% of population ages 20 to 79),SH.STA.DIAB.ZS,,,,,,,,,,,,,,,,,,,,,,,,,,,,,,,,,,,,,,,,,,,,,,,,,,,,5.30109406690667,,,,,,,,,,,,,7.69595130128293,
Liechtenstein,LIE,Diabetes prevalence (% of population ages 20 to 79),SH.STA.DIAB.ZS,,,,,,,,,,,,,,,,,,,,,,,,,,,,,,,,,,,,,,,,,,,,,,,,,,,,4.7,,,,,,,,,,,,,7.2,
Sri Lanka,LKA,Diabetes prevalence (% of population ages 20 to 79),SH.STA.DIAB.ZS,,,,,,,,,,,,,,,,,,,,,,,,,,,,,,,,,,,,,,,,,,,,,,,,,,,,7.5,,,,,,,,,,,,,10.2,
Lower middle income,LMC,Diabetes prevalence (% of population ages 20 to 79),SH.STA.DIAB.ZS,,,,,,,,,,,,,,,,,,,,,,,,,,,,,,,,,,,,,,,,,,,,,,,,,,,,8.23966398075061,,,,,,,,,,,,,11.1622703080617,
Low & middle income,LMY,Diabetes prevalence (% of population ages 20 to 79),SH.STA.DIAB.ZS,,,,,,,,,,,,,,,,,,,,,,,,,,,,,,,,,,,,,,,,,,,,,,,,,,,,8.23582709397861,,,,,,,,,,,,,11.1777920626344,
Lesotho,LSO,Diabetes prevalence (% of population ages 20 to 79),SH.STA.DIAB.ZS,,,,,,,,,,,,,,,,,,,,,,,,,,,,,,,,,,,,,,,,,,,,,,,,,,,,3.4,,,,,,,,,,,,,6.2,
Late-demographic dividend,LTE,Diabetes prevalence (% of population ages 20 to 79),SH.STA.DIAB.ZS,,,,,,,,,,,,,,,,,,,,,,,,,,,,,,,,,,,,,,,,,,,,,,,,,,,,8.75082047069947,,,,,,,,,,,,,10.9312590208153,
Lithuania,LTU,Diabetes prevalence (% of population ages 20 to 79),SH.STA.DIAB.ZS,,,,,,,,,,,,,,,,,,,,,,,,,,,,,,,,,,,,,,,,,,,,,,,,,,,,7.8,,,,,,,,,,,,,7.5,
Luxembourg,LUX,Diabetes prevalence (% of population ages 20 to 79),SH.STA.DIAB.ZS,,,,,,,,,,,,,,,,,,,,,,,,,,,,,,,,,,,,,,,,,,,,,,,,,,,,4.5,,,,,,,,,,,,,5.8,
Latvia,LVA,Diabetes prevalence (% of population ages 20 to 79),SH.STA.DIAB.ZS,,,,,,,,,,,,,,,,,,,,,,,,,,,,,,,,,,,,,,,,,,,,,,,,,,,,7.8,,,,,,,,,,,,,7.1,
"Macao SAR, China",MAC,Diabetes prevalence (% of population ages 20 to 79),SH.STA.DIAB.ZS,,,,,,,,,,,,,,,,,,,,,,,,,,,,,,,,,,,,,,,,,,,,,,,,,,,,7.2,,,,,,,,,,,,,8.1,
St. Martin (French part),MAF,Diabetes prevalence (% of population ages 20 to 79),SH.STA.DIAB.ZS,,,,,,,,,,,,,,,,,,,,,,,,,,,,,,,,,,,,,,,,,,,,,,,,,,,,,,,,,,,,,,,,,,
Morocco,MAR,Diabetes prevalence (% of population ages 20 to 79),SH.STA.DIAB.ZS,,,,,,,,,,,,,,,,,,,,,,,,,,,,,,,,,,,,,,,,,,,,,,,,,,,,6.8,,,,,,,,,,,,,11.9,
Monaco,MCO,Diabetes prevalence (% of population ages 20 to 79),SH.STA.DIAB.ZS,,,,,,,,,,,,,,,,,,,,,,,,,,,,,,,,,,,,,,,,,,,,,,,,,,,,5.6,,,,,,,,,,,,,6.9,
Moldova,MDA,Diabetes prevalence (% of population ages 20 to 79),SH.STA.DIAB.ZS,,,,,,,,,,,,,,,,,,,,,,,,,,,,,,,,,,,,,,,,,,,,,,,,,,,,2.7,,,,,,,,,,,,,6.3,
Madagascar,MDG,Diabetes prevalence (% of population ages 20 to 79),SH.STA.DIAB.ZS,,,,,,,,,,,,,,,,,,,,,,,,,,,,,,,,,,,,,,,,,,,,,,,,,,,,4.7,,,,,,,,,,,,,4.6,
Maldives,MDV,Diabetes prevalence (% of population ages 20 to 79),SH.STA.DIAB.ZS,,,,,,,,,,,,,,,,,,,,,,,,,,,,,,,,,,,,,,,,,,,,,,,,,,,,9.2,,,,,,,,,,,,,9.5,
"Middle East, North Africa, Afghanistan & Pakistan",MEA,Diabetes prevalence (% of population ages 20 to 79),SH.STA.DIAB.ZS,,,,,,,,,,,,,,,,,,,,,,,,,,,,,,,,,,,,,,,,,,,,,,,,,,,,10.7225516736037,,,,,,,,,,,,,20.1377167445833,
Mexico,MEX,Diabetes prevalence (% of population ages 20 to 79),SH.STA.DIAB.ZS,,,,,,,,,,,,,,,,,,,,,,,,,,,,,,,,,,,,,,,,,14.2,,,,,,,,,,,15.6,,,,,,,,,,,,,16.4,
Marshall Islands,MHL,Diabetes prevalence (% of population ages 20 to 79),SH.STA.DIAB.ZS,,,,,,,,,,,,,,,,,,,,,,,,,,,,,,,,,,,,,,,,,,,,,,,,,,,,21.8,,,,,,,,,,,,,25.7,
Middle income,MIC,Diabetes prevalence (% of population ages 20 to 79),SH.STA.DIAB.ZS,,,,,,,,,,,,,,,,,,,,,,,,,,,,,,,,,,,,,,,,,,,,,,,,,,,,8.42555975099414,,,,,,,,,,,,,11.4621093364562,
North Macedonia,MKD,Diabetes prevalence (% of population ages 20 to 79),SH.STA.DIAB.ZS,,,,,,,,,,,,,,,,,,,,,,,,,,,,,,,,,,,,,,,,,,,,,,,,,,,,7.7,,,,,,,,,,,,,7.4,
Mali,MLI,Diabetes prevalence (% of population ages 20 to 79),SH.STA.DIAB.ZS,,,,,,,,,,,,,,,,,,,,,,,,,,,,,,,,,,,,,,,,,,,,,,,,,,,,1.9,,,,,,,,,,,,,4.8,
Malta,MLT,Diabetes prevalence (% of population ages 20 to 79),SH.STA.DIAB.ZS,,,,,,,,,,,,,,,,,,,,,,,,,,,,,,,,,,,,,,,,,,,,,,,,,,,,6.6,,,,,,,,,,,,,10,
Myanmar,MMR,Diabetes prevalence (% of population ages 20 to 79),SH.STA.DIAB.ZS,,,,,,,,,,,,,,,,,,,,,,,,,,,,,,,,,,,,,,,,,,,,,,,,,,,,7.1,,,,,,,,,,,,,6.7,
"Middle East, North Africa, Afghanistan & Pakistan (excluding high income)",MNA,Diabetes prevalence (% of population ages 20 to 79),SH.STA.DIAB.ZS,,,,,,,,,,,,,,,,,,,,,,,,,,,,,,,,,,,,,,,,,,,,,,,,,,,,10.1083862462786,,,,,,,,,,,,,20.0769514378744,
Montenegro,MNE,Diabetes prevalence (% of population ages 20 to 79),SH.STA.DIAB.ZS,,,,,,,,,,,,,,,,,,,,,,,,,,,,,,,,,,,,,,,,,,,,,,,,,,,,7.7,,,,,,,,,,,,,10.7,
Mongolia,MNG,Diabetes prevalence (% of population ages 20 to 79),SH.STA.DIAB.ZS,,,,,,,,,,,,,,,,,,,,,,,,,,,,,,,,,,,,,,,,,,,,,,,,,,,,7.1,,,,,,,,,,,,,10.3,
Northern Mariana Islands,MNP,Diabetes prevalence (% of population ages 20 to 79),SH.STA.DIAB.ZS,,,,,,,,,,,,,,,,,,,,,,,,,,,,,,,,,,,,,,,,,,,,,,,,,,,,,,,,,,,,,,,,,,
Mozambique,MOZ,Diabetes prevalence (% of population ages 20 to 79),SH.STA.DIAB.ZS,,,,,,,,,,,,,,,,,,,,,,,,,,,,,,,,,,,,,,,,,,,,,,,,,,,,3.1,,,,,,,,,,,,,3,
Mauritania,MRT,Diabetes prevalence (% of population ages 20 to 79),SH.STA.DIAB.ZS,,,,,,,,,,,,,,,,,,,,,,,,,,,,,,,,,,,,,,,,,,,,,,,,,,,,4.3,,,,,,,,,,,,,5.2,
Mauritius,MUS,Diabetes prevalence (% of population ages 20 to 79),SH.STA.DIAB.ZS,,,,,,,,,,,,,,,,,,,,,,,,,,,,,,,,,,,,,,,,,15,,,,,,,,,,,14.8,,,,,,,,,,,,,20.1,
Malawi,MWI,Diabetes prevalence (% of population ages 20 to 79),SH.STA.DIAB.ZS,,,,,,,,,,,,,,,,,,,,,,,,,,,,,,,,,,,,,,,,,,,,,,,,,,,,5.6,,,,,,,,,,,,,5.7,
Malaysia,MYS,Diabetes prevalence (% of population ages 20 to 79),SH.STA.DIAB.ZS,,,,,,,,,,,,,,,,,,,,,,,,,,,,,,,,,,,,,,,,,,,,,,,,,,,,12.1,,,,,,,,,,,,,21.1,
North America,NAC,Diabetes prevalence (% of population ages 20 to 79),SH.STA.DIAB.ZS,,,,,,,,,,,,,,,,,,,,,,,,,,,,,,,,,,,,,,,,,,,,,,,,,,,,9.2978023991404,,,,,,,,,,,,,13.0350704010611,
Namibia,NAM,Diabetes prevalence (% of population ages 20 to 79),SH.STA.DIAB.ZS,,,,,,,,,,,,,,,,,,,,,,,,,,,,,,,,,,,,,,,,,,,,,,,,,,,,7.8,,,,,,,,,,,,,5.3,
New Caledonia,NCL,Diabetes prevalence (% of population ages 20 to 79),SH.STA.DIAB.ZS,,,,,,,,,,,,,,,,,,,,,,,,,,,,,,,,,,,,,,,,,,,,,,,,,,,,8.6,,,,,,,,,,,,,22,
Niger,NER,Diabetes prevalence (% of population ages 20 to 79),SH.STA.DIAB.ZS,,,,,,,,,,,,,,,,,,,,,,,,,,,,,,,,,,,,,,,,,,,,,,,,,,,,4.2,,,,,,,,,,,,,4.1,
Nigeria,NGA,Diabetes prevalence (% of population ages 20 to 79),SH.STA.DIAB.ZS,,,,,,,,,,,,,,,,,,,,,,,,,,,,,,,,,,,,,,,,,,,,,,,,,,,,4.8,,,,,,,,,,,,,3,
Nicaragua,NIC,Diabetes prevalence (% of population ages 20 to 79),SH.STA.DIAB.ZS,,,,,,,,,,,,,,,,,,,,,,,,,,,,,,,,,,,,,,,,,,,,,,,,,,,,11,,,,,,,,,,,,,10.4,
Netherlands,NLD,Diabetes prevalence (% of population ages 20 to 79),SH.STA.DIAB.ZS,,,,,,,,,,,,,,,,,,,,,,,,,,,,,,,,,,,,,,,,,,,,,,,,,,,,5.3,,,,,,,,,,,,,5,
Norway,NOR,Diabetes prevalence (% of population ages 20 to 79),SH.STA.DIAB.ZS,,,,,,,,,,,,,,,,,,,,,,,,,,,,,,,,,,,,,,,,,,,,,,,,,,,,4.7,,,,,,,,,,,,,4.8,
Nepal,NPL,Diabetes prevalence (% of population ages 20 to 79),SH.STA.DIAB.ZS,,,,,,,,,,,,,,,,,,,,,,,,,,,,,,,,,,,,,,,,,,,,,,,,,,,,3.6,,,,,,,,,,,,,7.7,
Nauru,NRU,Diabetes prevalence (% of population ages 20 to 79),SH.STA.DIAB.ZS,,,,,,,,,,,,,,,,,,,,,,,,,,,,,,,,,,,,,,,,,,,,,,,,,,,,20.4,,,,,,,,,,,,,21.8,
New Zealand,NZL,Diabetes prevalence (% of population ages 20 to 79),SH.STA.DIAB.ZS,,,,,,,,,,,,,,,,,,,,,,,,,,,,,,,,,,,,,,,,,,,,,,,,,,,,8.6,,,,,,,,,,,,,6.7,
OECD members,OED,Diabetes prevalence (% of population ages 20 to 79),SH.STA.DIAB.ZS,,,,,,,,,,,,,,,,,,,,,,,,,,,,,,,,,,,,,,,,,,,,,,,,,,,,8.08407691450804,,,,,,,,,,,,,10.5163445188319,
Oman,OMN,Diabetes prevalence (% of population ages 20 to 79),SH.STA.DIAB.ZS,,,,,,,,,,,,,,,,,,,,,,,,,,,,,,,,,,,,,,,,,,,,,,,,,,,,10.5,,,,,,,,,,,,,17,
Other small states,OSS,Diabetes prevalence (% of population ages 20 to 79),SH.STA.DIAB.ZS,,,,,,,,,,,,,,,,,,,,,,,,,,,,,,,,,,,,,,,,,,,,,,,,,,,,7.88591980897521,,,,,,,,,,,,,9.73783542776581,
Pakistan,PAK,Diabetes prevalence (% of population ages 20 to 79),SH.STA.DIAB.ZS,,,,,,,,,,,,,,,,,,,,,,,,,,,,,,,,,,,,,,,,,11.8,,,,,,,,,,,7.9,,,,,,,,,,,,,31.4,
Panama,PAN,Diabetes prevalence (% of population ages 20 to 79),SH.STA.DIAB.ZS,,,,,,,,,,,,,,,,,,,,,,,,,,,,,,,,,,,,,,,,,,,,,,,,,,,,9.4,,,,,,,,,,,,,11.1,
Peru,PER,Diabetes prevalence (% of population ages 20 to 79),SH.STA.DIAB.ZS,,,,,,,,,,,,,,,,,,,,,,,,,,,,,,,,,,,,,,,,,,,,,,,,,,,,6,,,,,,,,,,,,,6.4,
Philippines,PHL,Diabetes prevalence (% of population ages 20 to 79),SH.STA.DIAB.ZS,,,,,,,,,,,,,,,,,,,,,,,,,,,,,,,,,,,,,,,,,,,,,,,,,,,,9.7,,,,,,,,,,,,,7.5,
Palau,PLW,Diabetes prevalence (% of population ages 20 to 79),SH.STA.DIAB.ZS,,,,,,,,,,,,,,,,,,,,,,,,,,,,,,,,,,,,,,,,,,,,,,,,,,,,11.1,,,,,,,,,,,,,19.3,
Papua New Guinea,PNG,Diabetes prevalence (% of population ages 20 to 79),SH.STA.DIAB.ZS,,,,,,,,,,,,,,,,,,,,,,,,,,,,,,,,,,,,,,,,,15.5,,,,,,,,,,,7.6,,,,,,,,,,,,,14.1,
Poland,POL,Diabetes prevalence (% of population ages 20 to 79),SH.STA.DIAB.ZS,,,,,,,,,,,,,,,,,,,,,,,,,,,,,,,,,,,,,,,,,,,,,,,,,,,,9,,,,,,,,,,,,,8.1,
Pre-demographic dividend,PRE,Diabetes prevalence (% of population ages 20 to 79),SH.STA.DIAB.ZS,,,,,,,,,,,,,,,,,,,,,,,,,,,,,,,,,,,,,,,,,,,,,,,,,,,,4.59265491155313,,,,,,,,,,,,,6.34356773813422,
Puerto Rico (US),PRI,Diabetes prevalence (% of population ages 20 to 79),SH.STA.DIAB.ZS,,,,,,,,,,,,,,,,,,,,,,,,,,,,,,,,,,,,,,,,,,,,,,,,,,,,13,,,,,,,,,,,,,10.9,
"Korea, Dem. People's Rep.",PRK,Diabetes prevalence (% of population ages 20 to 79),SH.STA.DIAB.ZS,,,,,,,,,,,,,,,,,,,,,,,,,,,,,,,,,,,,,,,,,,,,,,,,,,,,8.4,,,,,,,,,,,,,9.9,
Portugal,PRT,Diabetes prevalence (% of population ages 20 to 79),SH.STA.DIAB.ZS,,,,,,,,,,,,,,,,,,,,,,,,,,,,,,,,,,,,,,,,,,,,,,,,,,,,9.6,,,,,,,,,,,,,10.5,
Paraguay,PRY,Diabetes prevalence (% of population ages 20 to 79),SH.STA.DIAB.ZS,,,,,,,,,,,,,,,,,,,,,,,,,,,,,,,,,,,,,,,,,,,,,,,,,,,,6.5,,,,,,,,,,,,,9.4,
West Bank and Gaza,PSE,Diabetes prevalence (% of population ages 20 to 79),SH.STA.DIAB.ZS,,,,,,,,,,,,,,,,,,,,,,,,,,,,,,,,,,,,,,,,,,,,,,,,,,,,9.2,,,,,,,,,,,,,15.5,
Pacific island small states,PSS,Diabetes prevalence (% of population ages 20 to 79),SH.STA.DIAB.ZS,,,,,,,,,,,,,,,,,,,,,,,,,,,,,,,,,,,,,,,,,,,,,,,,,,,,13.4162047389065,,,,,,,,,,,,,17.0708090275406,
Post-demographic dividend,PST,Diabetes prevalence (% of population ages 20 to 79),SH.STA.DIAB.ZS,,,,,,,,,,,,,,,,,,,,,,,,,,,,,,,,,,,,,,,,,,,,,,,,,,,,7.08857587027415,,,,,,,,,,,,,9.4609677740959,
French Polynesia,PYF,Diabetes prevalence (% of population ages 20 to 79),SH.STA.DIAB.ZS,,,,,,,,,,,,,,,,,,,,,,,,,,,,,,,,,,,,,,,,,,,,,,,,,,,,8.6,,,,,,,,,,,,,22.8,
Qatar,QAT,Diabetes prevalence (% of population ages 20 to 79),SH.STA.DIAB.ZS,,,,,,,,,,,,,,,,,,,,,,,,,,,,,,,,,,,,,,,,,,,,,,,,,,,,19.8,,,,,,,,,,,,,24.6,
Romania,ROU,Diabetes prevalence (% of population ages 20 to 79),SH.STA.DIAB.ZS,,,,,,,,,,,,,,,,,,,,,,,,,,,,,,,,,,,,,,,,,,,,,,,,,,,,7.7,,,,,,,,,,,,,7.5,
Russian Federation,RUS,Diabetes prevalence (% of population ages 20 to 79),SH.STA.DIAB.ZS,,,,,,,,,,,,,,,,,,,,,,,,,,,,,,,,,,,,,,,,,,,,,,,,,,,,9.7,,,,,,,,,,,,,5.9,
Rwanda,RWA,Diabetes prevalence (% of population ages 20 to 79),SH.STA.DIAB.ZS,,,,,,,,,,,,,,,,,,,,,,,,,,,,,,,,,,,,,,,,,,,,,,,,,,,,3.1,,,,,,,,,,,,,2.1,
South Asia,SAS,Diabetes prevalence (% of population ages 20 to 79),SH.STA.DIAB.ZS,,,,,,,,,,,,,,,,,,,,,,,,,,,,,,,,,,,,,,,,,,,,,,,,,,,,9.03165942802619,,,,,,,,,,,,,10.7173486503525,
Saudi Arabia,SAU,Diabetes prevalence (% of population ages 20 to 79),SH.STA.DIAB.ZS,,,,,,,,,,,,,,,,,,,,,,,,,,,,,,,,,,,,,,,,,,,,,,,,,,,,19.6,,,,,,,,,,,,,23.1,
Sudan,SDN,Diabetes prevalence (% of population ages 20 to 79),SH.STA.DIAB.ZS,,,,,,,,,,,,,,,,,,,,,,,,,,,,,,,,,,,,,,,,,,,,,,,,,,,,8.6,,,,,,,,,,,,,19,
Senegal,SEN,Diabetes prevalence (% of population ages 20 to 79),SH.STA.DIAB.ZS,,,,,,,,,,,,,,,,,,,,,,,,,,,,,,,,,,,,,,,,,,,,,,,,,,,,3.2,,,,,,,,,,,,,3.8,
Singapore,SGP,Diabetes prevalence (% of population ages 20 to 79),SH.STA.DIAB.ZS,,,,,,,,,,,,,,,,,,,,,,,,,,,,,,,,,,,,,,,,,,,,,,,,,,,,9.5,,,,,,,,,,,,,11.4,
Solomon Islands,SLB,Diabetes prevalence (% of population ages 20 to 79),SH.STA.DIAB.ZS,,,,,,,,,,,,,,,,,,,,,,,,,,,,,,,,,,,,,,,,,,,,,,,,,,,,15.3,,,,,,,,,,,,,12,
Sierra Leone,SLE,Diabetes prevalence (% of population ages 20 to 79),SH.STA.DIAB.ZS,,,,,,,,,,,,,,,,,,,,,,,,,,,,,,,,,,,,,,,,,,,,,,,,,,,,3.2,,,,,,,,,,,,,4.8,
El Salvador,SLV,Diabetes prevalence (% of population ages 20 to 79),SH.STA.DIAB.ZS,,,,,,,,,,,,,,,,,,,,,,,,,,,,,,,,,,,,,,,,,,,,,,,,,,,,9.4,,,,,,,,,,,,,12.7,
San Marino,SMR,Diabetes prevalence (% of population ages 20 to 79),SH.STA.DIAB.ZS,,,,,,,,,,,,,,,,,,,,,,,,,,,,,,,,,,,,,,,,,,,,,,,,,,,,5.5,,,,,,,,,,,,,8.6,
"Somalia, Fed. Rep.",SOM,Diabetes prevalence (% of population ages 20 to 79),SH.STA.DIAB.ZS,,,,,,,,,,,,,,,,,,,,,,,,,,,,,,,,,,,,,,,,,,,,,,,,,,,,4.3,,,,,,,,,,,,,5.8,
Serbia,SRB,Diabetes prevalence (% of population ages 20 to 79),SH.STA.DIAB.ZS,,,,,,,,,,,,,,,,,,,,,,,,,,,,,,,,,,,,,,,,,,,,,,,,,,,,7.7,,,,,,,,,,,,,10.5,
Sub-Saharan Africa (excluding high income),SSA,Diabetes prevalence (% of population ages 20 to 79),SH.STA.DIAB.ZS,,,,,,,,,,,,,,,,,,,,,,,,,,,,,,,,,,,,,,,,,,,,,,,,,,,,4.64035667299125,,,,,,,,,,,,,5.69588892335895,
South Sudan,SSD,Diabetes prevalence (% of population ages 20 to 79),SH.STA.DIAB.ZS,,,,,,,,,,,,,,,,,,,,,,,,,,,,,,,,,,,,,,,,,,,,,,,,,,,,,,,,,,,,,,,,,4.6,
Sub-Saharan Africa,SSF,Diabetes prevalence (% of population ages 20 to 79),SH.STA.DIAB.ZS,,,,,,,,,,,,,,,,,,,,,,,,,,,,,,,,,,,,,,,,,,,,,,,,,,,,4.51732700890278,,,,,,,,,,,,,5.56011931898178,
Small states,SST,Diabetes prevalence (% of population ages 20 to 79),SH.STA.DIAB.ZS,,,,,,,,,,,,,,,,,,,,,,,,,,,,,,,,,,,,,,,,,,,,,,,,,,,,9.68512946756901,,,,,,,,,,,,,11.3594227816893,
Sao Tome and Principe,STP,Diabetes prevalence (% of population ages 20 to 79),SH.STA.DIAB.ZS,,,,,,,,,,,,,,,,,,,,,,,,,,,,,,,,,,,,,,,,,,,,,,,,,,,,5.5,,,,,,,,,,,,,12.1,
Suriname,SUR,Diabetes prevalence (% of population ages 20 to 79),SH.STA.DIAB.ZS,,,,,,,,,,,,,,,,,,,,,,,,,,,,,,,,,,,,,,,,,,,,,,,,,,,,8.9,,,,,,,,,,,,,13.8,
Slovak Republic,SVK,Diabetes prevalence (% of population ages 20 to 79),SH.STA.DIAB.ZS,,,,,,,,,,,,,,,,,,,,,,,,,,,,,,,,,,,,,,,,,,,,,,,,,,,,5.7,,,,,,,,,,,,,7.1,
Slovenia,SVN,Diabetes prevalence (% of population ages 20 to 79),SH.STA.DIAB.ZS,,,,,,,,,,,,,,,,,,,,,,,,,,,,,,,,,,,,,,,,,,,,,,,,,,,,7.5,,,,,,,,,,,,,7,
Sweden,SWE,Diabetes prevalence (% of population ages 20 to 79),SH.STA.DIAB.ZS,,,,,,,,,,,,,,,,,,,,,,,,,,,,,,,,,,,,,,,,,,,,,,,,,,,,4.2,,,,,,,,,,,,,5.8,
Eswatini,SWZ,Diabetes prevalence (% of population ages 20 to 79),SH.STA.DIAB.ZS,,,,,,,,,,,,,,,,,,,,,,,,,,,,,,,,,,,,,,,,,,,,,,,,,,,,3.1,,,,,,,,,,,,,7.9,
Sint Maarten (Dutch part),SXM,Diabetes prevalence (% of population ages 20 to 79),SH.STA.DIAB.ZS,,,,,,,,,,,,,,,,,,,,,,,,,,,,,,,,,,,,,,,,,,,,,,,,,,,,,,,,,,,,,,,,,,
Seychelles,SYC,Diabetes prevalence (% of population ages 20 to 79),SH.STA.DIAB.ZS,,,,,,,,,,,,,,,,,,,,,,,,,,,,,,,,,,,,,,,,,,,,,,,,,,,,12.1,,,,,,,,,,,,,9.3,
Syrian Arab Republic,SYR,Diabetes prevalence (% of population ages 20 to 79),SH.STA.DIAB.ZS,,,,,,,,,,,,,,,,,,,,,,,,,,,,,,,,,,,,,,,,,,,,,,,,,,,,9.9,,,,,,,,,,,,,19,
Turks and Caicos Islands,TCA,Diabetes prevalence (% of population ages 20 to 79),SH.STA.DIAB.ZS,,,,,,,,,,,,,,,,,,,,,,,,,,,,,,,,,,,,,,,,,,,,,,,,,,,,,,,,,,,,,,,,,,
Chad,TCD,Diabetes prevalence (% of population ages 20 to 79),SH.STA.DIAB.ZS,,,,,,,,,,,,,,,,,,,,,,,,,,,,,,,,,,,,,,,,,,,,,,,,,,,,3.9,,,,,,,,,,,,,7.3,
East Asia & Pacific (IDA & IBRD countries),TEA,Diabetes prevalence (% of population ages 20 to 79),SH.STA.DIAB.ZS,,,,,,,,,,,,,,,,,,,,,,,,,,,,,,,,,,,,,,,,,,,,,,,,,,,,8.06684253632877,,,,,,,,,,,,,11.1509213612865,
Europe & Central Asia (IDA & IBRD countries),TEC,Diabetes prevalence (% of population ages 20 to 79),SH.STA.DIAB.ZS,,,,,,,,,,,,,,,,,,,,,,,,,,,,,,,,,,,,,,,,,,,,,,,,,,,,7.59013298809859,,,,,,,,,,,,,8.64534325558568,
Togo,TGO,Diabetes prevalence (% of population ages 20 to 79),SH.STA.DIAB.ZS,,,,,,,,,,,,,,,,,,,,,,,,,,,,,,,,,,,,,,,,,,,,,,,,,,,,3.3,,,,,,,,,,,,,4.8,
Thailand,THA,Diabetes prevalence (% of population ages 20 to 79),SH.STA.DIAB.ZS,,,,,,,,,,,,,,,,,,,,,,,,,,,,,,,,,,,,,,,,,,,,,,,,,,,,7.5,,,,,,,,,,,,,10.2,
Tajikistan,TJK,Diabetes prevalence (% of population ages 20 to 79),SH.STA.DIAB.ZS,,,,,,,,,,,,,,,,,,,,,,,,,,,,,,,,,,,,,,,,,,,,,,,,,,,,6.3,,,,,,,,,,,,,8,
Turkmenistan,TKM,Diabetes prevalence (% of population ages 20 to 79),SH.STA.DIAB.ZS,,,,,,,,,,,,,,,,,,,,,,,,,,,,,,,,,,,,,,,,,,,,,,,,,,,,2.7,,,,,,,,,,,,,7.1,
Latin America & the Caribbean (IDA & IBRD countries),TLA,Diabetes prevalence (% of population ages 20 to 79),SH.STA.DIAB.ZS,,,,,,,,,,,,,,,,,,,,,,,,,,,,,,,,,,,,,,,,,,,,,,,,,,,,10.2683541947253,,,,,,,,,,,,,11.3503761140369,
Timor-Leste,TLS,Diabetes prevalence (% of population ages 20 to 79),SH.STA.DIAB.ZS,,,,,,,,,,,,,,,,,,,,,,,,,,,,,,,,,,,,,,,,,,,,,,,,,,,,7.5,,,,,,,,,,,,,3.2,
"Middle East, North Africa, Afghanistan & Pakistan (IDA & IBRD)",TMN,Diabetes prevalence (% of population ages 20 to 79),SH.STA.DIAB.ZS,,,,,,,,,,,,,,,,,,,,,,,,,,,,,,,,,,,,,,,,,,,,,,,,,,,,10.1138080664671,,,,,,,,,,,,,20.1073707745161,
Tonga,TON,Diabetes prevalence (% of population ages 20 to 79),SH.STA.DIAB.ZS,,,,,,,,,,,,,,,,,,,,,,,,,,,,,,,,,,,,,,,,,11.5,,,,,,,,,,,12.7,,,,,,,,,,,,,19.6,
South Asia (IDA & IBRD),TSA,Diabetes prevalence (% of population ages 20 to 79),SH.STA.DIAB.ZS,,,,,,,,,,,,,,,,,,,,,,,,,,,,,,,,,,,,,,,,,,,,,,,,,,,,9.03165942802619,,,,,,,,,,,,,10.7173486503525,
Sub-Saharan Africa (IDA & IBRD countries),TSS,Diabetes prevalence (% of population ages 20 to 79),SH.STA.DIAB.ZS,,,,,,,,,,,,,,,,,,,,,,,,,,,,,,,,,,,,,,,,,,,,,,,,,,,,4.51732700890278,,,,,,,,,,,,,5.56011931898178,
Trinidad and Tobago,TTO,Diabetes prevalence (% of population ages 20 to 79),SH.STA.DIAB.ZS,,,,,,,,,,,,,,,,,,,,,,,,,,,,,,,,,,,,,,,,,14.1,,,,,,,,,,,12.7,,,,,,,,,,,,,12.4,
Tunisia,TUN,Diabetes prevalence (% of population ages 20 to 79),SH.STA.DIAB.ZS,,,,,,,,,,,,,,,,,,,,,,,,,,,,,,,,,,,,,,,,,,,,,,,,,,,,9.5,,,,,,,,,,,,,16,
Turkiye,TUR,Diabetes prevalence (% of population ages 20 to 79),SH.STA.DIAB.ZS,,,,,,,,,,,,,,,,,,,,,,,,,,,,,,,,,,,,,,,,,,,,,,,,,,,,7.9,,,,,,,,,,,,,16.5,
Tuvalu,TUV,Diabetes prevalence (% of population ages 20 to 79),SH.STA.DIAB.ZS,,,,,,,,,,,,,,,,,,,,,,,,,,,,,,,,,,,,,,,,,,,,,,,,,,,,19.2,,,,,,,,,,,,,19,
Tanzania,TZA,Diabetes prevalence (% of population ages 20 to 79),SH.STA.DIAB.ZS,,,,,,,,,,,,,,,,,,,,,,,,,,,,,,,,,,,,,,,,,,,,,,,,,,,,2.8,,,,,,,,,,,,,9.8,
Uganda,UGA,Diabetes prevalence (% of population ages 20 to 79),SH.STA.DIAB.ZS,,,,,,,,,,,,,,,,,,,,,,,,,,,,,,,,,,,,,,,,,,,,,,,,,,,,2.8,,,,,,,,,,,,,2.2,
Ukraine,UKR,Diabetes prevalence (% of population ages 20 to 79),SH.STA.DIAB.ZS,,,,,,,,,,,,,,,,,,,,,,,,,,,,,,,,,,,,,,,,,,,,,,,,,,,,2.9,,,,,,,,,,,,,6,
Upper middle income,UMC,Diabetes prevalence (% of population ages 20 to 79),SH.STA.DIAB.ZS,,,,,,,,,,,,,,,,,,,,,,,,,,,,,,,,,,,,,,,,,,,,,,,,,,,,8.58331261616091,,,,,,,,,,,,,11.752830672995,
Uruguay,URY,Diabetes prevalence (% of population ages 20 to 79),SH.STA.DIAB.ZS,,,,,,,,,,,,,,,,,,,,,,,,,,,,,,,,,,,,,,,,,,,,,,,,,,,,5.7,,,,,,,,,,,,,7.8,
United States,USA,Diabetes prevalence (% of population ages 20 to 79),SH.STA.DIAB.ZS,,,,,,,,,,,,,,,,,,,,,,,,,,,,,,,,,,,,,,,,,,,,,,,,,,,,9.4,,,,,,,,,,,,,13.7,
Uzbekistan,UZB,Diabetes prevalence (% of population ages 20 to 79),SH.STA.DIAB.ZS,,,,,,,,,,,,,,,,,,,,,,,,,,,,,,,,,,,,,,,,,,,,,,,,,,,,6.4,,,,,,,,,,,,,7.5,
St. Vincent and the Grenadines,VCT,Diabetes prevalence (% of population ages 20 to 79),SH.STA.DIAB.ZS,,,,,,,,,,,,,,,,,,,,,,,,,,,,,,,,,,,,,,,,,,,,,,,,,,,,8.8,,,,,,,,,,,,,8.6,
"Venezuela, RB",VEN,Diabetes prevalence (% of population ages 20 to 79),SH.STA.DIAB.ZS,,,,,,,,,,,,,,,,,,,,,,,,,,,,,,,,,,,,,,,,,,,,,,,,,,,,10.2,,,,,,,,,,,,,8.6,
British Virgin Islands,VGB,Diabetes prevalence (% of population ages 20 to 79),SH.STA.DIAB.ZS,,,,,,,,,,,,,,,,,,,,,,,,,,,,,,,,,,,,,,,,,,,,,,,,,,,,,,,,,,,,,,,,,,
Virgin Islands (U.S.),VIR,Diabetes prevalence (% of population ages 20 to 79),SH.STA.DIAB.ZS,,,,,,,,,,,,,,,,,,,,,,,,,,,,,,,,,,,,,,,,,,,,,,,,,,,,12.1,,,,,,,,,,,,,9.1,
Viet Nam,VNM,Diabetes prevalence (% of population ages 20 to 79),SH.STA.DIAB.ZS,,,,,,,,,,,,,,,,,,,,,,,,,,,,,,,,,,,,,,,,,,,,,,,,,,,,3.2,,,,,,,,,,,,,3.4,
Vanuatu,VUT,Diabetes prevalence (% of population ages 20 to 79),SH.STA.DIAB.ZS,,,,,,,,,,,,,,,,,,,,,,,,,,,,,,,,,,,,,,,,,,,,,,,,,,,,16.1,,,,,,,,,,,,,19.7,
World,WLD,Diabetes prevalence (% of population ages 20 to 79),SH.STA.DIAB.ZS,,,,,,,,,,,,,,,,,,,,,,,,,,,,,,,,,,,,,,,,,,,,,,,,,,,,8.14038930852422,,,,,,,,,,,,,10.7972922318328,
Samoa,WSM,Diabetes prevalence (% of population ages 20 to 79),SH.STA.DIAB.ZS,,,,,,,,,,,,,,,,,,,,,,,,,,,,,,,,,,,,,,,,,,,,,,,,,,,,7.7,,,,,,,,,,,,,25.4,
Kosovo,XKX,Diabetes prevalence (% of population ages 20 to 79),SH.STA.DIAB.ZS,,,,,,,,,,,,,,,,,,,,,,,,,,,,,,,,,,,,,,,,,,,,,,,,,,,,,,,,,,,,,,,,,10.4,
"Yemen, Rep.",YEM,Diabetes prevalence (% of population ages 20 to 79),SH.STA.DIAB.ZS,,,,,,,,,,,,,,,,,,,,,,,,,,,,,,,,,,,,,,,,,,,,,,,,,,,,9.6,,,,,,,,,,,,,5.5,
South Africa,ZAF,Diabetes prevalence (% of population ages 20 to 79),SH.STA.DIAB.ZS,,,,,,,,,,,,,,,,,,,,,,,,,,,,,,,,,,,,,,,,,,,,,,,,,,,,7,,,,,,,,,,,,,7.2,
Zambia,ZMB,Diabetes prevalence (% of population ages 20 to 79),SH.STA.DIAB.ZS,,,,,,,,,,,,,,,,,,,,,,,,,,,,,,,,,,,,,,,,,,,,,,,,,,,,4.8,,,,,,,,,,,,,10.3,
Zimbabwe,ZWE,Diabetes prevalence (% of population ages 20 to 79),SH.STA.DIAB.ZS,,,,,,,,,,,,,,,,,,,,,,,,,,,,,,,,,,,,,,,,,,,,,,,,,,,,9.8,,,,,,,,,,,,,1.5,